{
    "loss": 0.2528385818004608,
    "accuracy": 0.9102990031242371
}